Fecha;Hora;Temperatura;Humedad (%);Humedad del suelo (%);Porcenaje de agua;Estado bomba
18/8/2022;13:45:55;20.5;77.4;11.62;64.52;0
18/8/2022;13:46:06;20.5;77.4;10.64;64.52;0
18/8/2022;13:46:16;20.5;77.3;10.25;64.52;1
18/8/2022;13:46:21;20.5;77.3;25.88;59.18;0
18/8/2022;13:46:26;20.5;77.2;25.49;59.99;0
18/8/2022;13:46:31;20.5;77.2;25.49;59.17;0
18/8/2022;13:46:36;20.5;77.2;25.68;59.15;0
18/8/2022;13:46:41;20.5;77.2;26.95;59.15;0
18/8/2022;13:46:46;20.5;77.2;25.59;59.6;0
18/8/2022;13:46:51;20.5;77.3;25;59.56;0
18/8/2022;13:46:56;20.5;77.3;25.39;59.41;0
18/8/2022;13:47:01;20.5;77.3;25.29;59.05;0
18/8/2022;13:47:06;20.5;77.2;25;59.6;0
18/8/2022;13:47:11;20.5;77.2;25.49;59.47;0
18/8/2022;13:47:16;20.5;77.2;24.71;59.46;0
18/8/2022;13:47:21;20.5;77.2;25;59.87;0
18/8/2022;13:47:26;20.5;77.2;24.8;59.93;0
18/8/2022;13:47:31;20.5;77.1;25;59.62;0
18/8/2022;13:47:36;20.5;77.1;24.8;59.43;0
18/8/2022;13:47:41;20.6;77.5;25.29;59.51;0
18/8/2022;13:47:46;20.6;77.7;24.8;59.53;0
18/8/2022;13:47:51;20.5;77.7;23.24;59.58;0
18/8/2022;13:47:56;20.5;77.6;23.44;59.71;0
18/8/2022;13:48:01;20.6;77.6;23.63;59.51;0
18/8/2022;13:48:06;20.6;77.6;23.44;59.83;0
18/8/2022;13:48:11;20.6;77.5;23.14;59.59;0
18/8/2022;13:48:16;20.6;77.5;23.44;59.25;0
18/8/2022;13:48:21;20.5;77.4;23.63;59.57;0
18/8/2022;13:48:26;20.5;77.4;23.54;59.86;0
18/8/2022;13:48:31;20.5;77.3;23.34;59.28;0
18/8/2022;13:48:36;20.6;77.4;23.44;59.14;0
18/8/2022;13:48:41;20.5;77.3;23.63;59.73;0
18/8/2022;13:48:46;20.6;77.3;23.24;59.41;0
18/8/2022;13:48:51;20.5;77.3;23.14;59.5;0
18/8/2022;13:48:56;20.5;77.2;23.83;59.45;0
18/8/2022;13:49:01;20.6;77.2;23.54;59.59;0
18/8/2022;13:49:06;20.6;77.2;23.83;59.82;0
18/8/2022;13:49:11;20.6;77.2;23.24;59.64;0
18/8/2022;13:49:16;20.5;77.2;23.05;59.62;0
18/8/2022;13:49:21;20.5;77.2;23.54;59.52;0
18/8/2022;13:49:26;20.5;77.2;23.54;59.65;0
18/8/2022;13:49:31;20.6;77.2;23.63;59.65;0
18/8/2022;13:49:36;20.5;77.2;23.73;59.59;0
18/8/2022;13:49:42;20.5;77.2;23.63;59.11;0
18/8/2022;13:49:48;20.5;77.2;23.73;59.11;0
18/8/2022;13:49:53;20.5;77.2;23.73;59.18;0
18/8/2022;13:49:58;20.5;77.2;23.63;59.69;0
18/8/2022;13:50:03;20.5;77.2;22.66;59.3;0
18/8/2022;13:50:18;20.5;77.1;11.13;59.7;1
18/8/2022;13:50:23;20.5;77.2;62.4;56.44;0
18/8/2022;13:50:28;20.5;77.3;62.21;56.61;0
18/8/2022;13:50:33;20.5;77.3;61.52;56.07;0
18/8/2022;13:50:38;20.5;77.2;61.72;55.42;0
18/8/2022;13:50:43;20.5;77.2;62.11;55.35;0
18/8/2022;13:50:48;20.5;77.2;61.52;55.52;0
18/8/2022;13:50:53;20.5;77.2;62.11;55.76;0
18/8/2022;13:50:58;20.5;77.2;61.62;55.62;0
18/8/2022;13:51:03;20.5;77.2;62.21;55.79;0
18/8/2022;13:51:08;20.5;77.3;63.18;55.75;0
18/8/2022;13:51:13;20.5;77.3;62.3;55.7;0
18/8/2022;13:51:18;20.5;77.2;62.3;55.75;0
18/8/2022;13:51:23;20.5;77.2;61.62;55.83;0
18/8/2022;13:51:28;20.5;77.3;62.3;56.13;0
18/8/2022;13:51:33;20.5;77.2;61.72;56.24;0
18/8/2022;13:51:38;20.5;77.3;62.21;55.53;0
18/8/2022;13:51:43;20.5;77.2;61.72;55.92;0
18/8/2022;13:51:48;20.5;77.2;62.01;55.69;0
18/8/2022;13:51:53;20.5;77.3;62.01;56.17;0
18/8/2022;13:51:58;20.5;77.2;61.91;55.57;0
18/8/2022;13:52:03;20.5;77.3;61.23;55.46;0
18/8/2022;13:52:08;20.5;77.2;61.52;55.99;0
18/8/2022;13:52:13;20.5;77.3;61.72;55.43;0
18/8/2022;13:52:18;20.5;77.2;61.33;55.52;0
18/8/2022;13:52:23;20.5;77.3;61.33;55.62;0
18/8/2022;13:52:28;20.5;77.3;60.94;55.46;0
18/8/2022;13:52:33;20.5;77.3;60.94;55.47;0
18/8/2022;13:52:38;20.5;77.3;61.62;55.46;0
18/8/2022;13:52:43;20.5;77.3;61.33;56.09;0
18/8/2022;13:52:48;20.5;77.3;60.84;56.04;0
18/8/2022;13:52:53;20.5;77.3;61.33;55.87;0
18/8/2022;13:52:58;20.5;77.3;60.84;55.44;0
18/8/2022;13:53:03;20.5;77.3;61.23;55.42;0
18/8/2022;13:53:08;20.5;77.3;61.52;55.89;0
18/8/2022;13:53:13;20.5;77.3;60.84;55.93;0
18/8/2022;13:53:18;20.5;77.3;60.84;55.66;0
18/8/2022;13:53:23;20.5;77.3;60.84;55.59;0
18/8/2022;13:53:28;20.5;77.3;60.74;56.12;0
18/8/2022;13:53:33;20.5;77.3;61.33;55.98;0
18/8/2022;13:53:38;20.5;77.3;61.23;55.98;0
18/8/2022;13:53:43;20.5;77.3;61.72;55.59;0
18/8/2022;13:53:48;20.5;77.3;60.64;55.38;0
18/8/2022;13:53:53;20.5;77.3;61.13;55.72;0
18/8/2022;13:53:58;20.5;77.3;60.94;55.9;0
18/8/2022;13:54:03;20.5;77.3;61.23;55.86;0
18/8/2022;13:54:08;20.5;77.3;61.04;55.82;0
18/8/2022;13:54:13;20.5;77.3;60.55;55.44;0
18/8/2022;13:54:18;20.5;77.3;60.64;55.96;0
18/8/2022;13:54:23;20.5;77.3;60.55;55.65;0
18/8/2022;13:54:28;20.5;77.3;60.55;55.91;0
18/8/2022;13:54:33;20.5;77.3;60.94;55.47;0
18/8/2022;13:54:38;20.5;77.3;60.74;55.98;0
18/8/2022;13:54:43;20.5;77.4;60.45;55.97;0
18/8/2022;13:54:48;20.5;77.4;61.13;55.77;0
18/8/2022;13:54:53;20.5;77.4;60.45;55.54;0
18/8/2022;13:54:58;20.5;77.3;60.84;55.37;0
18/8/2022;13:55:03;20.5;77.3;60.84;55.87;0
18/8/2022;13:55:08;20.5;77.3;60.35;55.42;0
18/8/2022;13:55:13;20.5;77.3;60.16;56.17;0
18/8/2022;13:55:18;20.5;77.3;60.74;55.72;0
18/8/2022;13:55:23;20.5;77.4;60.06;55.43;0
18/8/2022;13:55:28;20.5;77.4;60.64;55.43;0
18/8/2022;13:55:33;20.5;77.4;60.16;55.56;0
18/8/2022;13:55:38;20.5;77.4;60.64;55.73;0
18/8/2022;13:55:43;20.5;77.5;60.16;55.58;0
18/8/2022;13:55:48;20.5;77.4;59.86;55.45;0
18/8/2022;13:55:53;20.5;77.4;59.96;56.22;0
18/8/2022;13:55:58;20.5;77.4;60.45;55.58;0
18/8/2022;13:56:03;20.5;77.4;59.77;55.59;0
18/8/2022;13:56:08;20.5;77.5;60.16;55.55;0
18/8/2022;13:56:13;20.5;77.5;60.64;55.75;0
18/8/2022;13:56:18;20.5;77.5;59.86;55.67;0
18/8/2022;13:56:23;20.5;77.5;59.77;55.64;0
18/8/2022;13:56:28;20.5;77.5;59.96;56.09;0
18/8/2022;13:56:33;20.5;77.5;60.45;55.8;0
18/8/2022;13:56:38;20.5;77.5;60.06;55.47;0
18/8/2022;13:56:43;20.5;77.5;59.86;55.59;0
18/8/2022;13:56:48;20.5;77.5;59.77;55.58;0
18/8/2022;13:56:53;20.5;77.5;59.67;55.68;0
18/8/2022;13:56:58;20.5;77.5;60.35;55.61;0
18/8/2022;13:57:03;20.5;77.5;59.67;55.84;0
18/8/2022;13:57:08;20.5;77.5;60.35;56.25;0
18/8/2022;13:57:13;20.5;77.5;59.67;55.71;0
19/8/2022;11:18:31;22.4;77.5;59.67;56.22;0
19/8/2022;11:18:36;22.4;77.3;59.47;56.11;0
19/8/2022;11:18:41;22.4;77.1;60.06;55.7;0
19/8/2022;11:18:46;22.4;77;59.47;55.61;0
19/8/2022;11:18:51;22.4;77;59.57;55.79;0
19/8/2022;11:18:56;22.4;76.9;60.35;55.38;0
19/8/2022;11:19:01;22.4;76.8;59.38;55.75;0
19/8/2022;11:19:06;22.4;76.8;59.28;55.52;0
19/8/2022;11:19:11;22.4;76.8;59.47;55.78;0
19/8/2022;11:19:16;22.4;76.7;59.38;55.72;0
19/8/2022;11:19:21;22.4;76.6;59.28;55.61;0
19/8/2022;11:19:26;22.4;76.6;58.3;55.69;0
19/8/2022;11:19:31;22.4;76.5;59.77;55.73;0
19/8/2022;11:19:36;22.3;76.4;59.28;55.99;0
19/8/2022;11:19:41;22.4;76.4;59.18;55.65;0
19/8/2022;11:19:46;22.3;76.3;58.98;55.74;0
19/8/2022;11:19:51;22.3;76.2;58.98;55.7;0
19/8/2022;11:19:56;22.3;76.3;58.98;55.53;0
19/8/2022;11:20:01;22.3;76.3;59.28;55.64;0
19/8/2022;11:20:06;22.3;76.5;59.57;55.75;0
19/8/2022;11:20:11;22.3;76.5;59.18;55.73;0
19/8/2022;11:20:16;22.3;76.5;59.67;55.69;0
19/8/2022;11:20:21;22.3;76.6;58.79;55.84;0
19/8/2022;11:20:26;22.3;76.6;58.98;55.7;0
19/8/2022;11:20:31;22.3;76.6;58.89;55.62;0
19/8/2022;11:20:36;22.3;76.6;58.89;55.79;0
19/8/2022;11:20:41;22.3;76.6;58.89;55.9;0
19/8/2022;11:20:46;22.3;76.7;58.98;55.67;0
19/8/2022;11:20:51;22.3;76.7;58.69;55.56;0
19/8/2022;11:20:56;22.3;76.7;58.79;55.71;0
19/8/2022;11:21:01;22.3;76.8;58.79;55.81;0
19/8/2022;11:21:06;22.3;76.9;59.28;55.53;0
19/8/2022;11:21:11;22.3;76.9;59.57;55.94;0
19/8/2022;11:21:16;22.2;77;58.69;55.69;0
19/8/2022;11:21:21;22.2;77;59.38;55.65;0
19/8/2022;11:21:26;22.3;77.2;58.59;55.85;0
19/8/2022;11:21:31;22.2;77.1;58.69;55.77;0
19/8/2022;11:21:36;22.3;77.2;59.18;55.83;0
19/8/2022;11:21:41;22.3;77.2;58.59;55.57;0
19/8/2022;11:21:46;22.3;77.3;58.5;55.81;0
19/8/2022;11:21:51;22.2;77.3;58.5;56.22;0
19/8/2022;11:21:56;22.3;77.4;58.5;55.9;0
19/8/2022;11:22:01;22.3;77.5;58.98;56.2;0
19/8/2022;11:22:06;22.2;77.4;58.98;55.75;0
19/8/2022;11:22:11;22.2;77.4;58.4;56.11;0
19/8/2022;11:22:16;22.3;77.6;58.4;56.39;0
19/8/2022;11:22:21;22.3;77.6;58.4;56.12;0
19/8/2022;11:22:26;22.3;77.7;58.4;56.26;0
19/8/2022;11:22:31;22.3;77.7;58.3;56.05;0
19/8/2022;11:22:36;22.3;77.7;58.4;56.12;0
19/8/2022;11:22:41;22.3;77.7;59.18;56.14;0
19/8/2022;11:22:46;22.3;77.7;58.01;55.97;0
19/8/2022;11:22:51;22.3;77.8;58.69;56.59;0
19/8/2022;11:22:56;22.3;77.8;58.69;56.09;0
19/8/2022;11:23:01;22.3;77.8;58.11;56.11;0
19/8/2022;11:23:06;22.3;77.8;58.11;56.25;0
19/8/2022;11:23:11;22.3;77.7;58.11;56.32;0
19/8/2022;11:23:16;22.3;77.7;58.2;56.22;0
19/8/2022;11:23:21;22.3;77.7;58.3;56.69;0
19/8/2022;11:23:26;22.3;77.8;58.2;57.18;0
19/8/2022;11:23:31;22.3;77.8;58.69;56.42;0
19/8/2022;11:23:36;22.3;77.8;58.2;56.37;0
19/8/2022;11:23:41;22.3;77.8;58.11;56.81;0
19/8/2022;11:23:46;22.3;77.8;58.69;56.55;0
19/8/2022;11:23:51;22.3;77.8;57.52;56.05;0
19/8/2022;11:23:56;22.3;77.8;58.2;55.96;0
19/8/2022;11:24:01;22.3;77.8;58.69;56.25;0
19/8/2022;11:24:06;22.3;77.9;58.01;56.02;0
19/8/2022;11:24:12;22.3;77.9;58.01;56.37;0
19/8/2022;11:24:16;22.3;77.9;58.01;55.97;0
19/8/2022;11:24:21;22.4;78;58.4;56.45;0
19/8/2022;11:24:27;22.3;77.9;58.01;56.31;0
19/8/2022;11:24:31;22.3;77.9;58.5;56.72;0
19/8/2022;11:24:37;22.3;77.9;57.81;56.43;0
19/8/2022;11:24:42;22.3;78;57.81;55.98;0
19/8/2022;11:24:46;22.3;78;58.4;56.45;0
19/8/2022;11:24:52;22.3;78;57.81;56.75;0
19/8/2022;11:24:57;22.3;78;57.81;56.02;0
19/8/2022;11:25:01;22.3;77.9;58.11;56.29;0
19/8/2022;11:25:07;22.3;78;58.4;56.68;0
19/8/2022;11:25:12;22.3;78;57.71;56.35;0
19/8/2022;11:25:17;22.3;78;57.71;56.67;0
19/8/2022;11:25:22;22.3;78;57.62;56.49;0
19/8/2022;11:25:27;22.3;78;57.32;56.55;0
19/8/2022;11:25:32;22.3;78;57.62;56.63;0
19/8/2022;11:25:37;22.4;78.1;57.71;56.7;0
19/8/2022;11:25:42;22.4;78.1;58.01;56.53;0
19/8/2022;11:25:47;22.3;78.1;57.52;57.04;0
19/8/2022;11:25:52;22.3;78.1;57.52;56.75;0
19/8/2022;11:25:57;22.4;78.2;57.62;55.97;0
19/8/2022;11:26:02;22.3;78.1;58.01;56.33;0
19/8/2022;11:26:07;22.3;78.1;57.42;56.22;0
19/8/2022;11:26:12;22.4;78.1;57.52;56.44;0
19/8/2022;11:26:17;22.3;78.1;58.11;56.13;0
19/8/2022;11:26:22;22.4;78.1;58.11;56.27;0
19/8/2022;11:26:27;22.4;78.1;57.42;57.12;0
19/8/2022;11:26:32;22.4;78.1;57.42;56.23;0
19/8/2022;11:26:37;22.4;78.2;57.42;56.5;0
19/8/2022;11:26:42;22.4;78.2;57.42;56.78;0
19/8/2022;11:26:47;22.4;78.2;57.42;56.68;0
19/8/2022;11:26:52;22.4;78.2;57.42;56.17;0
19/8/2022;11:26:57;22.4;78.2;57.32;56.77;0
19/8/2022;11:27:02;22.4;78.2;57.32;56.65;0
19/8/2022;11:27:07;22.4;78.2;57.42;56.8;0
19/8/2022;11:27:12;22.4;78.2;57.32;56.85;0
19/8/2022;11:27:17;22.4;78.3;57.81;56.55;0
19/8/2022;11:27:22;22.4;78.3;57.62;56.77;0
19/8/2022;11:27:27;22.4;78.3;57.23;56.8;0
19/8/2022;11:27:32;22.4;78.3;57.23;56.33;0
19/8/2022;11:27:37;22.4;78.3;57.23;56.62;0
19/8/2022;11:27:42;22.4;78.3;57.03;56.53;0
19/8/2022;11:27:47;22.4;78.3;57.71;55.88;0
19/8/2022;11:27:52;22.4;78.3;57.23;56.13;0
19/8/2022;11:27:57;22.4;78.3;57.23;56.9;0
19/8/2022;11:28:02;22.4;78.3;57.32;57.04;0
19/8/2022;11:28:07;22.4;78.3;57.62;56.18;0
19/8/2022;11:28:12;22.4;78.3;57.13;56.08;0
19/8/2022;11:28:17;22.4;78.4;57.13;56.44;0
19/8/2022;11:28:22;22.4;78.4;57.71;56.79;0
19/8/2022;11:28:27;22.4;78.4;57.23;56.59;0
19/8/2022;11:28:32;22.4;78.4;57.13;56.4;0
19/8/2022;11:28:37;22.4;78.4;57.13;56.72;0
19/8/2022;11:28:42;22.4;78.4;57.23;56.84;0
19/8/2022;11:28:47;22.4;78.4;57.03;56.72;0
19/8/2022;11:28:52;22.4;78.4;57.03;57.04;0
19/8/2022;11:28:57;22.4;78.4;57.42;56.89;0
19/8/2022;11:29:02;22.4;78.4;57.32;56.78;0
19/8/2022;11:29:07;22.4;78.4;57.03;56.62;0
19/8/2022;11:29:12;22.4;78.4;57.03;56.92;0
19/8/2022;11:29:17;22.4;78.4;57.03;56.61;0
19/8/2022;11:29:22;22.4;78.5;57.03;56.39;0
19/8/2022;11:29:27;22.4;78.5;57.03;56.51;0
19/8/2022;11:29:32;22.4;78.5;57.03;56.23;0
19/8/2022;11:29:37;22.4;78.5;57.52;56.6;0
19/8/2022;11:29:42;22.4;78.5;56.93;56.04;0
19/8/2022;11:29:47;22.4;78.5;56.84;56.33;0
19/8/2022;11:29:52;22.4;78.5;56.93;56.43;0
19/8/2022;11:29:57;22.4;78.5;56.93;55.85;0
19/8/2022;11:30:02;22.4;78.5;56.93;56.69;0
19/8/2022;11:30:07;22.4;78.5;56.84;56.59;0
19/8/2022;11:30:12;22.4;78.5;56.93;56.61;0
20/8/2022;15:52:22;18.5;78.6;56.93;56.24;0
20/8/2022;15:52:27;18.5;78.6;56.54;57.03;0
20/8/2022;15:52:32;18.5;78.6;56.45;56.95;0
20/8/2022;15:52:37;18.5;78.6;57.13;56.91;0
20/8/2022;15:52:42;18.5;78.6;56.45;56.4;0
20/8/2022;15:52:47;18.5;78.5;56.45;56.78;0
20/8/2022;15:52:52;18.5;78.5;57.03;56.77;0
20/8/2022;15:52:57;18.5;78.5;56.54;56.78;0
20/8/2022;15:53:02;18.5;78.5;56.45;56.64;0
20/8/2022;15:53:07;18.6;78.6;56.54;56.35;0
20/8/2022;15:53:16;18.5;78.5;57.13;56.23;1
20/8/2022;15:53:21;18.5;78.5;57.23;56.49;0
20/8/2022;15:53:26;18.5;78.5;62.99;56.17;0
20/8/2022;15:53:31;18.5;78.5;61.82;56.41;0
20/8/2022;15:53:36;18.5;78.5;62.21;56.78;0
20/8/2022;15:53:41;18.5;78.5;61.04;56.85;0
20/8/2022;15:53:46;18.5;78.5;61.62;56.42;0
20/8/2022;15:53:51;18.5;78.5;61.33;56.1;0
20/8/2022;15:53:56;18.5;78.5;61.13;56.38;0
20/8/2022;15:54:01;18.5;78.5;61.23;56.42;0
20/8/2022;15:54:06;18.5;78.5;61.13;56.19;0
20/8/2022;15:54:11;18.5;78.5;60.35;56.3;0
20/8/2022;15:54:16;18.5;78.5;60.45;56.79;0
20/8/2022;15:54:21;18.5;78.5;60.64;56.94;0
20/8/2022;15:54:26;18.5;78.5;60.16;56.65;0
20/8/2022;15:54:31;18.5;78.5;60.06;57.04;0
20/8/2022;15:54:36;18.6;78.5;60.16;56.34;0
20/8/2022;15:54:41;18.5;78.4;60.06;56.14;0
20/8/2022;15:54:46;18.5;78.4;60.06;56.07;0
20/8/2022;15:54:51;18.6;78.5;59.86;56.35;0
20/8/2022;15:54:56;18.6;78.5;59.86;57.32;0
20/8/2022;15:55:01;18.5;78.4;59.67;56.5;0
20/8/2022;15:55:06;18.5;78.4;59.28;56.4;0
20/8/2022;15:55:11;18.6;78.5;60.16;56.66;0
20/8/2022;15:55:16;18.6;78.5;61.33;57.27;0
20/8/2022;15:55:21;18.6;78.5;59.67;56.83;0
20/8/2022;15:55:26;18.6;78.4;59.28;56.71;0
20/8/2022;15:55:31;18.6;78.5;59.96;57.19;0
20/8/2022;15:55:36;18.5;78.4;59.38;56.94;0
20/8/2022;15:55:41;18.6;78.4;59.47;56.42;0
20/8/2022;15:55:46;18.6;78.5;59.57;56.38;0
20/8/2022;15:55:51;18.6;78.5;59.47;57;0
20/8/2022;15:55:56;18.6;78.5;59.77;56.66;0
20/8/2022;15:56:01;18.6;78.5;59.28;56.94;0
20/8/2022;15:56:06;18.6;78.5;59.47;56.65;0
20/8/2022;15:56:11;18.6;78.5;59.38;56.54;0
20/8/2022;15:56:16;18.6;78.5;59.28;56.68;0
20/8/2022;15:56:21;18.6;78.5;59.77;56.93;0
20/8/2022;15:56:26;18.6;78.5;58.89;56.75;0
20/8/2022;15:56:31;18.6;78.4;58.59;56.7;0
20/8/2022;15:56:36;18.6;78.4;59.57;56.59;0
20/8/2022;15:56:41;18.6;78.5;59.57;56.55;0
20/8/2022;15:56:46;18.6;78.5;58.79;56.83;0
20/8/2022;15:56:51;18.6;78.5;58.98;56.83;0
20/8/2022;15:56:56;18.5;78.4;58.79;56.33;0
20/8/2022;15:57:01;18.6;78.5;58.79;56.26;0
20/8/2022;15:57:06;18.6;78.5;58.59;56.48;0
20/8/2022;15:57:11;18.6;78.4;59.47;56.62;0
20/8/2022;15:57:16;18.6;78.4;58.5;56.35;0
20/8/2022;15:57:21;18.6;78.4;58.69;56.73;0
20/8/2022;15:57:26;18.6;78.4;58.69;56.62;0
20/8/2022;15:57:31;18.6;78.4;59.28;56.23;0
20/8/2022;15:57:36;18.6;78.4;59.38;56.18;0
20/8/2022;15:57:41;18.6;78.4;58.3;56.41;0
20/8/2022;15:57:46;18.6;78.4;58.5;56.32;0
20/8/2022;15:57:51;18.6;78.4;58.4;56.17;0
20/8/2022;15:57:56;18.6;78.4;58.5;56.6;0
20/8/2022;15:58:01;18.6;78.4;58.3;56.27;0
20/8/2022;15:58:06;18.6;78.4;59.18;55.87;0
20/8/2022;15:58:11;18.6;78.4;58.89;56.97;0
20/8/2022;15:58:16;18.6;78.4;58.2;56.96;0
20/8/2022;15:58:21;18.6;78.4;58.89;56.83;0
20/8/2022;15:58:26;18.6;78.4;58.98;56.67;0
20/8/2022;15:58:31;18.6;78.4;58.4;56.42;0
20/8/2022;15:58:36;18.6;78.4;58.2;56.38;0
20/8/2022;15:58:41;18.6;78.4;58.2;56.45;0
20/8/2022;15:58:46;18.6;78.4;58.2;56.34;0
20/8/2022;15:58:51;18.6;78.4;58.2;57.04;0
20/8/2022;15:58:56;18.6;78.4;58.11;56.93;0
20/8/2022;15:59:01;18.6;78.5;58.2;57.16;0
20/8/2022;15:59:06;18.6;78.5;58.11;56.65;0
20/8/2022;15:59:11;18.6;78.5;58.3;56.42;0
20/8/2022;15:59:16;18.6;78.5;58.11;56.77;0
20/8/2022;15:59:21;18.6;78.5;58.59;57.04;0
20/8/2022;15:59:26;18.6;78.5;58.11;57.19;0
20/8/2022;15:59:31;18.6;78.5;58.11;56.11;0
20/8/2022;15:59:36;18.6;78.5;57.81;57.1;0
20/8/2022;15:59:41;18.6;78.5;58.5;56.52;0
20/8/2022;15:59:46;18.6;78.5;58.3;56.5;0
20/8/2022;15:59:51;18.6;78.5;57.81;55.92;0
20/8/2022;15:59:56;18.6;78.5;58.79;56.39;0
20/8/2022;16:00:01;18.5;78.4;58.11;56;0
20/8/2022;16:00:06;18.6;78.5;57.81;56.57;0
20/8/2022;16:00:11;18.6;78.5;58.4;56;0
20/8/2022;16:00:16;18.5;78.4;58.5;56.17;0
20/8/2022;16:00:21;18.6;78.5;58.4;56.69;0
20/8/2022;16:00:26;18.6;78.5;58.2;56.14;0
20/8/2022;16:00:31;18.6;78.5;57.81;56.08;0
20/8/2022;16:00:36;18.6;78.5;57.71;56.11;0
20/8/2022;16:00:41;18.6;78.4;57.62;56.64;0
20/8/2022;16:00:46;18.6;78.4;57.71;56.51;0
20/8/2022;16:00:51;18.6;78.5;57.71;56.42;0
20/8/2022;16:00:56;18.6;78.4;57.71;56.2;0
20/8/2022;16:01:01;18.6;78.4;58.3;56.51;0
20/8/2022;16:01:06;18.6;78.4;58.3;56.33;0
20/8/2022;16:01:11;18.6;78.4;58.11;56.42;0
20/8/2022;16:01:16;18.6;78.4;57.62;56.51;0
20/8/2022;16:01:21;18.6;78.4;57.52;56.45;0
20/8/2022;16:01:26;18.6;78.4;58.11;55.72;0
20/8/2022;16:01:31;18.6;78.4;57.62;55.95;0
20/8/2022;16:01:36;18.5;78.4;57.52;56.04;0
20/8/2022;16:01:41;18.5;78.4;57.42;55.86;0
20/8/2022;16:01:46;18.5;78.4;57.42;55.95;0
20/8/2022;16:01:51;18.5;78.4;57.52;55.92;0
20/8/2022;16:01:56;18.5;78.4;57.62;55.65;0
20/8/2022;16:02:01;18.5;78.4;58.01;56.24;0
20/8/2022;16:02:06;18.5;78.4;58.01;56.3;0
20/8/2022;16:02:11;18.5;78.4;57.32;57.21;0
20/8/2022;16:02:16;18.5;78.4;57.71;56.63;0
20/8/2022;16:02:21;18.5;78.4;57.42;56.52;0
20/8/2022;16:02:26;18.5;78.5;57.32;56.92;1
20/8/2022;16:02:31;18.5;78.5;57.42;55.59;0
20/8/2022;16:02:36;18.5;78.2;59.01;55.9;0
20/8/2022;16:02:41;18.5;78.2;62.32;55.02;0
20/8/2022;16:02:46;18.5;78.1;62.32;53.59;0
20/8/2022;16:02:51;18.5;78;62.32;52.51;0
20/8/2022;16:02:56;18.5;77.9;62.32;52.43;0
20/8/2022;16:03:01;18.5;77.8;62.32;53.2;0
20/8/2022;16:03:06;18.5;77.6;62.81;54.1;0
20/8/2022;16:03:11;18.4;77.5;62.81;52.34;0
20/8/2022;16:03:16;18.4;77.4;62.32;51.92;0
20/8/2022;16:03:21;18.4;77.2;62.32;51.93;0
20/8/2022;16:03:26;18.4;76.9;62.52;51.93;0
20/8/2022;16:03:32;18.4;76.7;62.32;51.91;0
20/8/2022;16:03:36;18.4;76.5;62.71;51.92;0
20/8/2022;16:03:41;18.4;76.4;62.52;51.91;0
20/8/2022;16:03:47;18.4;76.3;62.32;51.9;0
20/8/2022;16:03:52;18.4;77;62.01;51.91;0
20/8/2022;16:03:56;18.4;77.1;62.93;51.9;0
20/8/2022;16:04:02;18.4;77;62.81;51.9;0
20/8/2022;16:04:07;18.4;76.7;62.32;51.91;0
20/8/2022;16:04:12;18.4;76.6;62.89;51.92;0
20/8/2022;16:04:17;18.4;76.6;62.32;51.91;0
20/8/2022;16:04:22;18.3;76.4;62.23;51.91;0
21/8/2022;12:16:42;19.4;75.6;67.97;51.9;0
21/8/2022;12:16:47;19.4;75.7;68.36;52.35;0
21/8/2022;12:16:52;19.4;75.7;67.68;51.89;0
21/8/2022;12:16:57;19.4;75.7;67.97;51.9;0
21/8/2022;12:17:02;19.4;75.7;67.48;51.9;0
21/8/2022;12:17:07;19.4;75.7;67.19;52.08;0
21/8/2022;12:17:12;19.4;75.7;66.99;52;0
21/8/2022;12:17:22;19.4;75.7;67.19;51.91;1
21/8/2022;12:17:27;19.4;75.8;66.8;49.44;0
21/8/2022;12:17:32;19.4;75.8;66.7;49.75;0
21/8/2022;12:17:37;19.5;75.9;75.98;49.78;0
21/8/2022;12:17:42;19.5;75.9;78.52;49.75;0
21/8/2022;12:17:47;19.5;75.9;79.69;49.81;0
21/8/2022;12:17:52;19.5;75.9;79.79;49.42;0
21/8/2022;12:17:57;19.5;75.9;80.08;49.31;0
21/8/2022;12:18:02;19.5;75.9;79.3;49.44;0
21/8/2022;12:18:07;19.5;75.9;78.71;49.42;0
21/8/2022;12:18:12;19.5;75.9;76.27;49.4;0
21/8/2022;12:18:17;19.5;75.9;75.1;49.45;0
21/8/2022;12:18:22;19.5;75.9;73.44;49.44;0
21/8/2022;12:18:27;19.6;76;73.93;49.41;0
21/8/2022;12:18:32;19.6;76;73.54;49.42;0
21/8/2022;12:18:37;19.6;75.9;73.93;49.43;0
21/8/2022;12:18:42;19.6;75.9;72.36;49.42;0
21/8/2022;12:18:47;19.6;76;72.46;49.45;0
21/8/2022;12:18:52;19.6;75.9;72.66;49.44;0
21/8/2022;12:18:57;19.6;75.9;71.58;49.45;0
21/8/2022;12:19:02;19.6;75.9;71.29;49.44;0
21/8/2022;12:19:07;19.6;75.9;71.58;49.42;0
21/8/2022;12:19:12;19.6;75.9;71.48;49.49;0
21/8/2022;12:19:17;19.6;76;70.9;49.77;0
21/8/2022;12:19:22;19.6;75.9;70.61;49.73;0
21/8/2022;12:19:27;19.6;75.9;70.7;49.55;0
21/8/2022;12:19:32;19.6;75.9;71.09;49.47;0
21/8/2022;12:19:37;19.6;75.7;71;49.42;0
21/8/2022;12:19:42;19.6;75.6;70.9;49.43;0
21/8/2022;12:19:47;19.6;75.4;70.7;49.43;0
21/8/2022;12:19:52;19.6;75.2;70.12;49.55;0
21/8/2022;12:19:57;19.6;74.9;70.61;49.43;0
21/8/2022;12:20:02;19.6;74.8;70.51;49.41;0
21/8/2022;12:20:07;19.6;74.7;69.92;49.41;0
21/8/2022;12:20:12;19.6;74.7;69.82;49.41;0
21/8/2022;12:20:17;19.6;74.9;69.53;49.42;0
21/8/2022;12:20:22;19.6;74.9;70.12;49.43;0
21/8/2022;12:20:27;19.6;74.8;70.31;49.41;0
21/8/2022;12:20:32;19.6;74.9;69.92;49.41;0
21/8/2022;12:20:37;19.6;75;69.34;49.42;0
21/8/2022;12:20:42;19.6;75.1;69.14;49.4;0
21/8/2022;12:20:47;19.6;75.1;69.14;49.42;0
21/8/2022;12:20:52;19.6;75.2;69.04;49.43;0
21/8/2022;12:20:57;19.6;75.2;69.04;49.44;0
21/8/2022;12:21:02;19.5;75.2;68.85;49.42;0
21/8/2022;12:21:08;19.6;75.3;68.65;49.41;0
21/8/2022;12:21:13;19.6;75.3;68.95;49.41;0
21/8/2022;12:21:18;19.6;75.3;68.65;49.41;0
21/8/2022;12:21:23;19.6;75.3;68.65;49.45;0
21/8/2022;12:21:28;19.6;75.6;68.65;49.44;0
21/8/2022;12:21:33;19.6;75.6;68.55;49.42;0
21/8/2022;12:21:38;19.6;75.6;68.95;49.47;0
21/8/2022;12:21:43;19.6;75.6;68.36;49.42;0
21/8/2022;12:21:48;19.6;75.5;68.55;49.47;0
21/8/2022;12:21:53;19.6;75.5;68.26;49.62;0
21/8/2022;12:21:58;19.6;75.5;68.07;49.59;0
21/8/2022;12:22:03;19.6;75.5;68.26;49.41;0
21/8/2022;12:22:08;19.6;75.5;68.85;49.4;0
21/8/2022;12:22:13;19.6;75.4;68.07;49.41;0
21/8/2022;12:22:18;19.6;75.4;68.65;49.41;0
21/8/2022;12:22:23;19.6;75.4;67.97;49.41;0
21/8/2022;12:22:28;19.6;75.3;68.16;49.43;0
21/8/2022;12:22:33;19.6;75.3;68.07;49.6;0
21/8/2022;12:22:38;19.6;75.2;68.36;49.49;0
21/8/2022;12:22:43;19.6;75.2;68.55;49.47;0
21/8/2022;12:22:48;19.6;75.1;67.87;49.61;0
21/8/2022;12:22:53;19.6;75.1;67.87;49.46;0
21/8/2022;12:22:58;19.6;75;68.55;49.4;0
21/8/2022;12:23:03;19.6;75;68.36;49.97;0
21/8/2022;12:23:08;19.6;74.9;68.26;49.41;0
21/8/2022;12:23:13;19.6;74.8;67.77;49.46;0
21/8/2022;12:23:18;19.6;74.7;67.87;49.43;0
21/8/2022;12:23:24;19.5;74.7;67.77;49.41;0
21/8/2022;12:23:28;19.6;74.8;68.26;49.43;0
21/8/2022;12:23:33;19.6;74.9;67.77;49.93;0
21/8/2022;12:23:39;19.5;74.8;67.68;49.4;0
21/8/2022;12:23:43;19.5;74.9;68.26;49.43;0
21/8/2022;12:23:49;19.5;74.9;67.77;49.43;0
21/8/2022;12:23:54;19.5;74.9;67.68;49.42;0
21/8/2022;12:23:58;19.6;75;68.07;49.42;0
21/8/2022;12:24:04;19.5;75;67.68;49.38;0
21/8/2022;12:24:09;19.5;75;67.58;49.43;0
21/8/2022;12:24:14;19.6;75.1;67.68;49.42;0
21/8/2022;12:24:18;19.5;75;67.77;49.44;0
21/8/2022;12:24:24;19.6;75.1;68.16;49.43;0
21/8/2022;12:24:29;19.6;75.1;67.58;49.44;0
21/8/2022;12:24:34;19.5;75.1;67.58;49.42;0
21/8/2022;12:24:39;19.6;75.2;68.07;49.43;0
21/8/2022;12:24:44;19.6;75.2;68.07;49.45;0
21/8/2022;12:24:49;19.6;75.2;67.97;49.42;0
21/8/2022;12:24:54;19.6;75.2;67.97;49.44;0
21/8/2022;12:24:59;19.6;75.2;67.48;49.66;0
21/8/2022;12:25:04;19.6;75.4;67.97;49.63;0
21/8/2022;12:25:09;19.6;75.4;67.87;49.58;0
21/8/2022;12:25:14;19.6;75.4;67.87;49.41;0
21/8/2022;12:25:19;19.6;75.4;67.97;49.38;0
21/8/2022;12:25:24;19.6;75.4;66.89;50.09;0
21/8/2022;12:25:29;19.6;75.3;67.87;49.36;0
21/8/2022;12:25:34;19.6;75.3;67.48;49.4;0
21/8/2022;12:25:39;19.6;75.3;67.48;49.96;0
21/8/2022;12:25:44;19.6;75.2;67.87;49.46;0
21/8/2022;12:25:49;19.6;75.1;67.48;49.38;0
21/8/2022;12:25:54;19.6;75.1;67.97;49.44;0
21/8/2022;12:25:59;19.6;75;67.97;49.49;0
21/8/2022;12:26:04;19.6;75;67.38;49.4;0
21/8/2022;12:26:09;19.6;74.9;67.97;49.41;0
21/8/2022;12:26:14;19.6;74.8;67.38;49.38;0
21/8/2022;12:26:19;19.6;74.8;67.97;49.73;0
21/8/2022;12:26:24;19.5;74.7;67.97;49.35;0
21/8/2022;12:26:29;19.6;74.7;67.97;49.38;0
21/8/2022;12:26:34;19.6;74.6;67.97;49.36;0
21/8/2022;12:26:39;19.6;74.6;67.97;49.52;0
21/8/2022;12:26:44;19.6;74.6;67.48;49.45;0
21/8/2022;12:26:49;19.6;74.6;67.87;49.39;0
21/8/2022;12:26:54;19.5;74.6;67.97;49.37;0
21/8/2022;12:26:59;19.5;74.6;68.07;49.35;0
21/8/2022;12:27:04;19.6;74.6;67.97;49.37;0
21/8/2022;12:27:09;19.6;74.6;67.87;49.43;0
21/8/2022;12:27:14;19.5;74.6;67.87;49.36;0
21/8/2022;12:27:19;19.5;74.5;67.97;49.37;0
21/8/2022;12:27:24;19.5;74.5;67.97;49.39;0
21/8/2022;12:27:29;19.5;74.5;67.48;49.36;0
21/8/2022;12:27:34;19.5;74.4;67.48;49.37;0
21/8/2022;12:27:39;19.5;74.4;67.48;49.39;0
21/8/2022;12:27:44;19.5;74.4;69.53;49.38;0
21/8/2022;12:27:49;19.5;74.4;68.07;49.39;0
21/8/2022;12:27:54;19.5;74.4;67.97;49.4;0
21/8/2022;12:27:59;19.5;74.5;68.36;49.39;0
21/8/2022;12:28:04;19.5;74.4;67.97;49.4;0
21/8/2022;12:28:09;19.5;74.4;67.48;49.6;0
21/8/2022;12:28:14;19.4;74.4;67.38;49.42;0
21/8/2022;12:28:19;19.5;74.4;67.97;49.34;0
22/8/2022;16:37:10;19.2;74.7;67.09;49.4;0
22/8/2022;16:37:15;19.3;74.8;67.19;49.4;0
22/8/2022;16:37:20;19.2;74.7;67.19;49.4;0
22/8/2022;16:37:25;19.2;74.8;67.19;49.37;0
22/8/2022;16:37:30;19.2;74.9;67.19;49.41;0
22/8/2022;16:37:35;19.2;75;65.63;49.35;0
22/8/2022;16:37:40;19.2;75.1;67.19;49.39;0
22/8/2022;16:37:45;19.2;75.2;67.87;49.4;0
22/8/2022;16:37:50;19.2;75.3;67.19;49.41;0
22/8/2022;16:37:55;19.2;75.3;67.19;49.42;0
22/8/2022;16:38:00;19.2;75.4;67.77;49.4;0
22/8/2022;16:38:05;19.2;75.4;67.38;49.37;0
22/8/2022;16:38:10;19.2;75.4;67.19;49.41;0
22/8/2022;16:38:15;19.2;75.4;67.38;49.41;0
22/8/2022;16:38:20;19.2;75.5;67.87;49.39;0
22/8/2022;16:38:25;19.2;75.5;67.77;49.36;0
22/8/2022;16:38:30;19.2;75.5;67.97;49.39;0
22/8/2022;16:38:35;19.2;75.5;67.19;49.4;0
22/8/2022;16:38:40;19.2;75.6;67.87;49.4;0
22/8/2022;16:38:45;19.2;75.6;67.77;49.42;0
22/8/2022;16:38:50;19.2;75.6;67.09;49.41;0
22/8/2022;16:38:55;19.2;75.6;67.19;49.39;0
22/8/2022;16:39:00;19.2;75.5;68.55;49.41;0
22/8/2022;16:39:05;19.3;75.5;68.36;49.42;0
22/8/2022;16:39:10;19.2;75.5;67.77;49.43;0
22/8/2022;16:39:15;19.3;75.6;67.87;49.41;0
22/8/2022;16:39:20;19.3;75.5;67.68;49.4;0
22/8/2022;16:39:25;19.3;75.5;67.77;49.41;0
22/8/2022;16:39:30;19.3;75.5;67.97;49.41;0
22/8/2022;16:39:35;19.3;75.5;67.68;49.44;0
22/8/2022;16:39:40;19.2;75.5;68.07;49.39;0
22/8/2022;16:39:45;19.3;75.5;67.97;49.37;0
22/8/2022;16:39:50;19.3;75.5;68.07;49.42;0
22/8/2022;16:39:55;19.3;75.5;68.07;49.4;0
22/8/2022;16:40:00;19.3;75.4;67.48;49.43;0
22/8/2022;16:40:05;19.3;75.4;67.97;49.43;0
22/8/2022;16:40:10;19.3;75.4;68.07;49.45;0
22/8/2022;16:40:15;19.3;75.4;67.97;49.4;0
22/8/2022;16:40:20;19.3;75.4;67.48;49.4;0
22/8/2022;16:40:25;19.3;75.4;67.38;49.41;0
22/8/2022;16:40:30;19.3;75.4;67.38;49.43;0
22/8/2022;16:40:35;19.3;75.4;67.38;49.43;0
22/8/2022;16:40:40;19.3;75.4;67.87;49.42;0
22/8/2022;16:40:45;19.3;75.4;67.38;49.38;0
22/8/2022;16:40:50;19.3;75.4;67.38;49.42;0
22/8/2022;16:40:55;19.3;75.5;68.16;49.39;0
22/8/2022;16:41:00;19.3;75.5;68.16;49.44;0
22/8/2022;16:41:05;19.3;75.4;68.07;49.42;0
22/8/2022;16:41:10;19.3;75.4;67.87;49.43;0
22/8/2022;16:41:15;19.3;75.5;68.36;49.4;0
22/8/2022;16:41:25;19.4;75.5;68.16;49.63;1
22/8/2022;16:41:30;19.3;75.5;67.77;46.74;0
22/8/2022;16:41:35;19.4;75.9;65.43;46.79;0
22/8/2022;16:41:40;19.4;76;69.43;46.82;0
22/8/2022;16:41:45;19.4;75.9;70.7;46.73;0
22/8/2022;16:41:50;19.4;75.8;71;46.73;0
22/8/2022;16:41:55;19.4;75.8;70.12;46.79;0
22/8/2022;16:42:00;19.4;75.6;69.92;46.77;0
22/8/2022;16:42:05;19.4;75.6;69.04;46.75;0
22/8/2022;16:42:10;19.4;75.6;69.04;46.81;0
22/8/2022;16:42:15;19.4;75.5;69.43;46.8;0
22/8/2022;16:42:20;19.4;75.5;69.34;46.79;0
22/8/2022;16:42:25;19.4;75.4;69.04;46.76;0
22/8/2022;16:42:30;19.4;75.4;68.26;46.76;0
22/8/2022;16:42:35;19.4;75.4;67.97;46.82;0
22/8/2022;16:42:40;19.4;75.9;67.87;46.76;0
22/8/2022;16:42:45;19.4;76;67.68;46.8;0
22/8/2022;16:42:50;19.4;75.9;67.48;46.78;0
22/8/2022;16:42:55;19.4;75.8;67.97;46.79;0
22/8/2022;16:43:00;19.4;75.7;67.97;46.77;0
22/8/2022;16:43:05;19.4;75.7;67.09;46.76;0
22/8/2022;16:43:10;19.4;75.6;67.09;46.77;0
22/8/2022;16:43:15;19.4;75.5;67.97;46.8;0
22/8/2022;16:43:20;19.4;75.4;67.58;46.8;0
22/8/2022;16:43:25;19.4;75.4;66.8;46.75;0
22/8/2022;16:43:34;19.4;75.4;69.14;46.79;1
22/8/2022;16:43:39;19.4;75.4;66.89;44.14;0
22/8/2022;16:43:44;19.4;75.4;67.58;43.81;0
22/8/2022;16:43:49;19.4;75.4;68.95;43.86;0
22/8/2022;16:43:54;19.4;75.4;67.97;43.84;0
22/8/2022;16:43:59;19.4;75.5;67.09;43.86;0
22/8/2022;16:44:04;19.4;75.5;67.38;43.84;0
22/8/2022;16:44:09;19.4;75.5;67.19;43.79;0
22/8/2022;16:44:14;19.4;75.5;66.5;43.81;0
22/8/2022;16:44:19;19.4;75.5;73.44;43.8;0
22/8/2022;16:44:24;19.4;75.6;74.71;43.82;0
22/8/2022;16:44:29;19.4;75.5;71.68;43.8;0
22/8/2022;16:44:34;19.4;75.6;70.61;43.83;0
22/8/2022;16:44:39;19.4;75.6;71;43.84;0
22/8/2022;16:44:44;19.4;75.6;70.9;43.8;0
22/8/2022;16:44:49;19.4;75.6;70.61;43.81;0
22/8/2022;16:44:54;19.4;75.7;69.92;43.82;0
22/8/2022;16:44:59;19.4;75.6;70.51;43.82;0
22/8/2022;16:45:04;19.4;75.6;70.41;43.79;0
22/8/2022;16:45:09;19.4;75.7;70.31;43.85;0
22/8/2022;16:45:14;19.4;75.7;69.73;43.84;0
22/8/2022;16:45:19;19.4;75.7;69.53;43.84;0
22/8/2022;16:45:24;19.4;75.7;69.53;43.86;0
22/8/2022;16:45:29;19.4;75.9;69.34;43.79;0
22/8/2022;16:45:34;19.4;76.1;69.43;43.85;0
22/8/2022;16:45:39;19.4;76.2;70.02;43.84;0
22/8/2022;16:45:44;19.4;76.1;69.24;43.83;0
22/8/2022;16:45:49;19.4;76;69.53;43.83;0
22/8/2022;16:45:54;19.4;76;69.73;43.81;0
22/8/2022;16:46:00;19.4;75.9;69.14;43.8;0
22/8/2022;16:46:04;19.5;76;69.73;43.83;0
22/8/2022;16:46:09;19.5;76;68.95;43.84;0
22/8/2022;16:46:15;19.5;76;69.34;43.83;0
22/8/2022;16:46:20;19.5;76;68.75;43.81;0
22/8/2022;16:46:24;19.5;76;69.43;43.83;0
22/8/2022;16:46:30;19.5;76;69.24;43.8;0
22/8/2022;16:46:35;19.5;76;69.14;43.85;0
22/8/2022;16:46:39;19.5;75.9;69.14;43.82;0
22/8/2022;16:46:45;19.5;75.9;68.55;43.83;0
22/8/2022;16:46:50;19.5;75.9;68.36;43.84;0
22/8/2022;16:46:54;19.5;75.9;68.85;43.82;0
22/8/2022;16:47:00;19.5;75.9;68.16;43.84;0
22/8/2022;16:47:04;19.5;75.9;68.65;43.79;0
22/8/2022;16:47:10;19.5;75.9;69.53;43.81;0
22/8/2022;16:47:15;19.5;75.9;67.97;43.86;0
22/8/2022;16:47:20;19.5;76;70.12;43.8;0
22/8/2022;16:47:25;19.5;76.1;67.68;43.78;0
22/8/2022;16:47:30;19.6;76.1;67.77;43.84;0
22/8/2022;16:47:35;19.6;76.1;67.97;43.84;0
22/8/2022;16:47:40;19.6;76.1;67.38;43.84;0
22/8/2022;16:47:45;19.6;76.1;67.09;43.83;0
22/8/2022;16:47:50;19.6;76.1;66.99;43.84;0
22/8/2022;16:47:55;19.6;76.1;67.48;43.85;0
22/8/2022;16:48:00;19.6;76;67.19;43.83;0
22/8/2022;16:48:05;19.6;76;66.99;43.81;0
22/8/2022;16:48:10;19.6;76;66.21;43.84;0
22/8/2022;16:48:15;19.6;76;66.31;43.85;0
22/8/2022;16:48:20;19.6;76;66.21;43.82;0
22/8/2022;16:48:25;19.6;76;66.7;43.83;0
22/8/2022;16:48:30;19.6;76;66.21;43.79;0
22/8/2022;16:48:35;19.6;75.9;65.92;43.84;0
22/8/2022;16:48:40;19.6;75.9;65.92;43.81;0
22/8/2022;16:48:45;19.6;75.9;65.33;44.38;0
22/8/2022;16:48:50;19.6;76;66.02;43.81;0
22/8/2022;16:48:55;19.6;75.9;65.23;43.84;0
22/8/2022;16:49:00;19.6;75.9;65.04;43.79;0
22/8/2022;16:49:05;19.7;76;64.65;43.83;0
22/8/2022;16:49:10;19.6;75.9;65.23;43.85;0
22/8/2022;16:49:15;19.7;76;64.45;43.85;0
22/8/2022;16:49:20;19.7;76;64.36;43.79;0
23/8/2022;12:58:55;20.8;76.3;62.99;43.84;0
23/8/2022;12:59:00;20.8;76.3;63.09;43.88;0
23/8/2022;12:59:05;20.8;76.3;63.67;43.86;0
23/8/2022;12:59:10;20.8;76.2;62.89;43.85;0
23/8/2022;12:59:15;20.8;76.2;63.09;43.85;0
23/8/2022;12:59:20;20.8;76;62.7;43.87;0
23/8/2022;12:59:25;20.8;76.1;63.38;43.85;0
23/8/2022;12:59:30;20.8;76.2;63.38;43.86;0
23/8/2022;12:59:35;20.8;76.1;61.72;43.89;0
23/8/2022;12:59:40;20.8;76.2;62.99;43.88;0
23/8/2022;12:59:45;20.8;76.1;63.38;43.87;0
23/8/2022;12:59:50;20.8;76.1;63.28;43.81;0
23/8/2022;12:59:55;20.8;76.1;62.99;43.87;0
23/8/2022;13:00:00;20.8;76.1;62.89;43.86;0
23/8/2022;13:00:05;20.8;76.1;62.99;43.87;0
23/8/2022;13:00:10;20.8;76.1;63.09;43.88;0
23/8/2022;13:00:15;20.8;76.1;63.48;43.87;0
23/8/2022;13:00:20;20.8;76.1;62.89;43.87;0
23/8/2022;13:00:25;20.8;76.1;62.89;43.85;0
23/8/2022;13:00:30;20.8;76.1;62.89;43.88;0
23/8/2022;13:00:35;20.8;76.1;62.89;43.89;0
23/8/2022;13:00:40;20.8;76.1;62.99;43.86;0
23/8/2022;13:00:45;20.8;76.1;61.82;43.86;0
23/8/2022;13:00:50;20.8;76.1;63.38;43.84;0
23/8/2022;13:00:55;20.8;76.1;63.09;43.87;0
23/8/2022;13:01:00;20.9;76.1;62.79;43.89;0
23/8/2022;13:01:05;20.8;76.1;62.7;43.85;0
23/8/2022;13:01:10;20.8;76.2;63.38;43.88;0
23/8/2022;13:01:15;20.9;76.2;62.89;43.85;0
23/8/2022;13:01:20;20.8;76.1;62.79;43.87;0
23/8/2022;13:01:25;20.8;76.1;62.89;43.87;0
23/8/2022;13:01:30;20.8;76.1;62.79;43.87;0
23/8/2022;13:01:35;20.8;76.1;62.79;43.85;0
23/8/2022;13:01:40;20.9;76.2;63.28;43.85;0
23/8/2022;13:01:45;20.8;76.2;62.89;43.89;0
23/8/2022;13:01:50;20.9;76.2;62.79;43.86;0
23/8/2022;13:01:55;20.9;76.2;62.79;43.88;0
23/8/2022;13:02:00;20.9;76.2;62.79;43.85;0
23/8/2022;13:02:05;20.8;76.2;63.38;43.86;0
23/8/2022;13:02:10;20.8;76.2;63.38;43.83;0
23/8/2022;13:02:15;20.9;76.2;63.38;43.88;0
23/8/2022;13:02:20;20.8;76.2;63.28;43.82;0
23/8/2022;13:02:25;20.9;76.2;63.38;43.87;0
23/8/2022;13:02:30;20.9;76.2;63.28;43.82;0
23/8/2022;13:02:35;20.8;76.2;62.89;43.79;0
23/8/2022;13:02:40;20.9;76.2;62.89;43.82;0
23/8/2022;13:02:45;20.9;76.2;62.79;43.87;0
23/8/2022;13:02:50;20.9;76.3;63.28;43.87;0
23/8/2022;13:02:55;20.9;76.2;63.28;43.82;0
23/8/2022;13:03:00;20.8;76.2;63.38;43.84;0
23/8/2022;13:03:05;20.9;76.2;63.48;43.85;0
23/8/2022;13:03:10;20.9;76.2;63.67;43.86;0
23/8/2022;13:03:15;20.9;76.2;62.79;43.85;0
23/8/2022;13:03:20;20.9;76.2;62.89;43.85;0
23/8/2022;13:03:25;20.9;76.2;63.67;43.85;0
23/8/2022;13:03:30;20.9;76.2;63.48;43.85;0
23/8/2022;13:03:35;20.9;76.2;62.99;43.84;0
23/8/2022;13:03:40;20.9;76.3;62.99;43.84;0
23/8/2022;13:03:45;20.9;76.3;63.18;43.84;0
23/8/2022;13:03:50;20.9;76.3;63.28;43.86;0
23/8/2022;13:03:58;20.9;76.3;63.28;43.86;1
23/8/2022;13:04:04;20.9;76.3;62.79;43.86;1
23/8/2022;13:04:09;20.9;76.5;68.26;41.32;0
23/8/2022;13:04:14;20.9;76.6;65.63;41.2;0
23/8/2022;13:04:19;20.9;77.5;66.41;41.33;0
23/8/2022;13:04:24;20.9;77.5;65.43;40.56;0
23/8/2022;13:04:29;20.9;77.5;65.14;41.33;0
23/8/2022;13:04:34;21;77.5;64.75;41.35;0
23/8/2022;13:04:39;20.9;77.3;64.55;41.3;0
23/8/2022;13:04:44;20.9;77.2;64.36;41.31;0
23/8/2022;13:04:49;20.9;77;63.57;41.12;0
23/8/2022;13:04:54;20.9;76.9;64.06;40.87;0
23/8/2022;13:04:59;20.9;76.7;63.28;40.84;0
23/8/2022;13:05:04;21;76.7;63.09;40.89;0
23/8/2022;13:05:09;20.9;76.5;63.38;40.84;0
23/8/2022;13:05:14;20.9;76.5;63.38;40.85;0
23/8/2022;13:05:19;20.9;76.3;63.18;40.88;0
23/8/2022;13:05:24;20.9;76.3;63.09;40.86;0
23/8/2022;13:05:29;20.9;76.2;62.3;40.92;0
23/8/2022;13:05:34;20.9;76.1;62.01;40.91;0
23/8/2022;13:05:39;20.9;75.8;62.4;41.45;0
23/8/2022;13:05:44;20.9;75.8;62.89;40.83;0
23/8/2022;13:05:49;20.9;75.8;62.7;40.9;0
23/8/2022;13:05:54;20.9;76.6;61.72;40.91;0
23/8/2022;13:05:59;20.9;76.7;61.52;40.86;0
23/8/2022;13:06:04;20.9;76.6;61.82;40.84;0
23/8/2022;13:06:09;20.9;76.3;61.82;40.85;0
23/8/2022;13:06:14;20.8;76.2;61.52;40.85;0
23/8/2022;13:06:19;20.8;76.1;60.84;40.87;0
23/8/2022;13:06:24;20.8;76.1;60.74;40.89;0
23/8/2022;13:06:29;20.8;76;60.55;40.86;0
23/8/2022;13:06:34;20.8;76;60.94;40.99;0
23/8/2022;13:06:39;20.8;75.9;60.94;40.92;0
23/8/2022;13:06:44;20.8;75.9;60.74;40.94;0
23/8/2022;13:06:49;20.8;75.8;60.64;40.94;0
23/8/2022;13:06:54;20.8;75.8;60.55;40.98;0
23/8/2022;13:06:59;20.8;75.7;60.55;41.01;0
23/8/2022;13:07:04;20.8;76;60.35;40.93;0
23/8/2022;13:07:09;20.8;76.1;60.35;41.07;0
23/8/2022;13:07:14;20.8;76;59.77;40.99;0
23/8/2022;13:07:19;20.8;76;59.47;40.99;0
23/8/2022;13:07:24;20.8;75.9;59.77;41.11;0
23/8/2022;13:07:29;20.8;75.9;59.28;41.08;0
23/8/2022;13:07:34;20.8;75.8;59.67;41.19;0
23/8/2022;13:07:39;20.8;75.8;59.67;41.19;0
23/8/2022;13:07:44;20.8;75.8;59.67;41.25;0
23/8/2022;13:07:49;20.8;75.8;59.47;41.28;0
23/8/2022;13:07:54;20.8;75.8;58.5;41.11;0
23/8/2022;13:07:59;20.8;75.8;58.69;41.09;0
23/8/2022;13:08:04;20.8;75.7;59.47;41.2;0
23/8/2022;13:08:09;20.8;75.7;59.18;41.26;0
23/8/2022;13:08:14;20.8;75.6;58.3;41.16;0
23/8/2022;13:08:19;20.8;75.6;58.89;41.21;0
23/8/2022;13:08:24;20.8;75.6;58.89;41.24;0
23/8/2022;13:08:29;20.8;75.6;58.2;41.12;0
23/8/2022;13:08:34;20.8;75.5;58.2;41.69;0
23/8/2022;13:08:39;20.8;75.5;58.69;41.31;0
23/8/2022;13:08:44;20.8;75.4;58.5;41.28;0
23/8/2022;13:08:49;20.8;75.4;57.81;41.26;0
23/8/2022;13:08:54;20.8;75.4;58.3;41.2;0
23/8/2022;13:08:59;20.8;75.4;57.52;41.29;0
23/8/2022;13:09:04;20.8;75.4;57.71;41.22;0
23/8/2022;13:09:09;20.8;75.4;58.01;41.26;0
23/8/2022;13:09:14;20.8;75.5;58.11;41.23;0
23/8/2022;13:09:19;20.8;75.6;57.42;41.13;0
23/8/2022;13:09:24;20.8;75.5;57.42;41.24;0
23/8/2022;13:09:29;20.7;75.4;57.71;41.24;0
23/8/2022;13:09:34;20.7;75.3;58.4;41.26;0
23/8/2022;13:09:39;20.7;75.3;57.62;41.3;0
23/8/2022;13:09:44;20.7;75.3;57.03;41.16;0
23/8/2022;13:09:49;20.7;75.3;57.03;41.27;0
23/8/2022;13:09:54;20.7;75.2;57.42;41.24;0
23/8/2022;13:09:59;20.7;75.2;56.84;41.21;0
23/8/2022;13:10:04;20.7;75.2;56.84;41.27;0
23/8/2022;13:10:09;20.7;75.2;56.84;41.35;0
23/8/2022;13:10:14;20.7;75.2;56.64;41.3;0
23/8/2022;13:10:19;20.7;75.3;56.64;41.26;0
23/8/2022;13:10:24;20.7;75.3;56.54;41.23;0
23/8/2022;13:10:29;20.7;75.3;57.03;41.23;0
23/8/2022;13:10:34;20.7;75.2;57.03;41.27;0
23/8/2022;13:10:39;20.7;75.2;57.03;41.23;0
23/8/2022;13:10:44;20.7;75.2;56.45;41.26;0
23/8/2022;13:10:49;20.7;75.1;56.25;41.21;0
23/8/2022;13:10:54;20.7;75.1;56.15;41.27;0
23/8/2022;13:10:59;20.6;75.1;56.05;41.24;0
23/8/2022;13:11:04;20.7;75.2;56.05;41.3;0
23/8/2022;13:11:09;20.6;75.1;56.54;41.86;0
23/8/2022;13:11:15;20.6;75.1;56.45;41.26;0
24/8/2022;21:19:01;18.7;78.8;45.8;52.9;0
24/8/2022;21:19:06;18.7;78.8;46;53.12;0
24/8/2022;21:19:11;18.7;78.7;45.7;53.12;0
24/8/2022;21:19:16;18.7;78.7;45.31;52.97;0
24/8/2022;21:19:21;18.7;78.7;45.7;52.97;0
24/8/2022;21:19:26;18.7;78.7;45.9;52.97;0
24/8/2022;21:19:31;18.7;78.7;46.39;53.34;0
24/8/2022;21:19:36;18.7;78.7;46.09;53.34;0
24/8/2022;21:19:41;18.7;78.7;46.29;53.44;0
24/8/2022;21:19:46;18.7;78.7;46.68;53.44;0
24/8/2022;21:19:51;18.7;78.7;46.48;53.44;0
24/8/2022;21:19:56;18.7;78.7;45.8;53.36;0
24/8/2022;21:20:01;18.7;78.7;45.61;53.36;0
24/8/2022;21:20:06;18.8;78.8;46.78;53.41;0
24/8/2022;21:20:11;18.8;78.8;46.09;53.41;0
24/8/2022;21:20:16;18.7;78.7;46;53.41;0
24/8/2022;21:20:21;18.7;78.7;45.31;53.49;0
24/8/2022;21:20:26;18.7;78.7;45.31;53.49;0
24/8/2022;21:20:31;18.7;78.8;45.8;53.15;0
24/8/2022;21:20:36;18.7;78.8;46;53.15;0
24/8/2022;21:20:41;18.7;78.8;45.9;53.15;0
24/8/2022;21:20:46;18.8;78.8;45.61;53.3;0
24/8/2022;21:20:51;18.8;78.8;46.48;53.3;0
24/8/2022;21:20:56;18.8;78.8;45.8;53.33;0
24/8/2022;21:21:01;18.8;78.8;46.58;53.33;0
24/8/2022;21:21:06;18.8;78.8;46.29;53.33;0
24/8/2022;21:21:11;18.8;78.8;46.58;53.33;0
24/8/2022;21:21:16;18.8;78.8;46.58;53.88;0
24/8/2022;21:21:21;18.8;78.8;45.8;53.88;0
24/8/2022;21:21:26;18.8;78.8;45.61;53.11;0
24/8/2022;21:21:31;18.8;78.8;46.39;53.11;0
24/8/2022;21:21:36;18.8;78.8;46.09;53.11;0
24/8/2022;21:21:41;18.8;78.8;45.21;53.17;0
24/8/2022;21:21:46;18.8;78.8;45.12;53.17;0
24/8/2022;21:21:51;18.8;78.7;45.7;53.11;0
24/8/2022;21:21:56;18.8;78.8;45.41;53.11;0
24/8/2022;21:22:01;18.8;78.8;46;53.11;0
24/8/2022;21:22:06;18.8;78.8;45.21;53.19;0
24/8/2022;21:22:11;18.8;78.8;45.21;53.19;0
24/8/2022;21:22:16;18.8;78.8;46.58;53.08;0
24/8/2022;21:22:21;18.8;78.8;46.68;53.08;0
24/8/2022;21:22:26;18.8;78.8;46;53.08;0
24/8/2022;21:22:31;18.8;78.8;45.7;53.08;0
24/8/2022;21:22:36;18.8;78.8;45.9;53.08;0
24/8/2022;21:22:41;18.8;78.8;45.9;53.05;0
24/8/2022;21:22:46;18.8;78.8;45.51;53.05;0
24/8/2022;21:22:51;18.8;78.8;46.09;53.06;0
24/8/2022;21:22:56;18.8;78.8;45.8;53.06;0
24/8/2022;21:23:01;18.8;78.8;45.9;53.06;0
24/8/2022;21:23:06;18.8;78.8;45.8;53.66;0
24/8/2022;21:23:11;18.8;78.8;45.41;53.66;0
24/8/2022;21:23:16;18.8;78.8;45.41;53.75;0
24/8/2022;21:23:21;18.8;78.8;45.9;53.75;0
24/8/2022;21:23:26;18.8;78.8;45.9;53.75;0
24/8/2022;21:23:31;18.8;78.8;46.29;53.07;0
24/8/2022;21:23:36;18.8;78.8;45.41;53.07;0
24/8/2022;21:23:41;18.8;78.8;45.31;53.05;0
24/8/2022;21:23:46;18.8;78.8;46.29;53.05;0
24/8/2022;21:23:51;18.8;78.7;46.97;53.05;0
24/8/2022;21:23:56;18.8;78.7;46.78;53.7;0
24/8/2022;21:24:01;18.8;78.6;45.9;53.7;0
24/8/2022;21:24:06;18.8;78.6;45.61;53;0
24/8/2022;21:24:11;18.8;78.6;46.09;53;0
24/8/2022;21:24:16;18.8;78.6;46.78;53;0
24/8/2022;21:24:21;18.8;78.6;46.68;53.03;0
24/8/2022;21:24:26;18.8;78.6;46.78;53.03;0
24/8/2022;21:24:31;18.8;78.6;45.7;53.06;0
24/8/2022;21:24:36;18.8;78.6;45.7;53.06;0
24/8/2022;21:24:41;18.8;78.6;46.09;53.06;0
24/8/2022;21:24:46;18.8;78.6;45.21;53.63;0
24/8/2022;21:24:51;18.8;78.6;46.39;53.63;0
24/8/2022;21:24:56;18.8;78.6;45.9;52.88;0
24/8/2022;21:25:01;18.8;78.6;45.41;52.88;0
24/8/2022;21:25:06;18.8;78.6;46.39;52.88;0
24/8/2022;21:25:11;18.8;78.7;45.61;53.07;0
24/8/2022;21:25:16;18.8;78.6;45.41;53.07;0
24/8/2022;21:25:21;18.8;78.6;46.29;53.04;0
24/8/2022;21:25:26;18.8;78.7;46.09;53.04;0
24/8/2022;21:25:31;18.9;78.7;45.51;53.04;0
24/8/2022;21:25:36;18.8;78.7;45.41;53.03;0
24/8/2022;21:25:41;18.8;78.7;45.61;53.03;0
24/8/2022;21:25:46;18.9;78.7;45.41;53.06;0
24/8/2022;21:25:51;18.9;78.7;46.09;53.06;0
24/8/2022;21:25:56;18.8;78.6;45.61;53.06;0
24/8/2022;21:26:01;18.9;78.6;45.31;53.06;0
24/8/2022;21:26:06;18.8;78.5;46.58;53.06;0
24/8/2022;21:26:11;18.9;78.6;45.7;53.63;0
24/8/2022;21:26:16;18.9;78.7;46.68;53.63;0
24/8/2022;21:26:21;18.9;78.7;45.8;53.63;0
24/8/2022;21:26:26;18.9;78.8;45.61;53.71;0
24/8/2022;21:26:31;18.8;78.7;45.41;53.71;0
24/8/2022;21:26:36;18.9;78.7;45.51;52.94;0
24/8/2022;21:26:41;18.8;78.6;45.8;52.94;0
24/8/2022;21:26:46;18.9;78.6;45.61;53.72;0
24/8/2022;21:26:51;18.9;78.6;46.68;53.72;0
24/8/2022;21:26:56;18.9;78.6;45.7;53.72;0
24/8/2022;21:27:01;18.9;78.6;46.78;53.08;0
24/8/2022;21:27:06;18.9;78.6;45.7;53.08;0
24/8/2022;21:27:11;18.9;78.6;45.8;52.97;0
24/8/2022;21:27:16;18.9;78.6;45.51;52.97;0
24/8/2022;21:27:21;18.9;78.7;46.09;52.97;0
24/8/2022;21:27:26;18.9;78.7;46.68;53.76;0
24/8/2022;21:27:31;18.9;78.6;45.51;53.76;0
24/8/2022;21:27:36;18.9;78.5;46.58;53.76;0
24/8/2022;21:27:41;18.9;78.5;45.61;53.46;0
24/8/2022;21:27:46;18.9;78.5;46.68;53.46;0
24/8/2022;21:27:51;18.9;78.5;46.29;52.9;0
24/8/2022;21:27:56;18.9;78.6;45.7;52.9;0
24/8/2022;21:28:01;18.9;78.6;45.8;52.9;0
24/8/2022;21:28:06;18.9;78.6;45.7;52.82;0
24/8/2022;21:28:11;18.9;78.6;46.09;52.82;0
24/8/2022;21:28:16;18.9;78.6;46.68;52.67;0
24/8/2022;21:28:21;18.9;78.6;46;52.67;0
24/8/2022;21:28:26;18.9;78.6;46.39;52.67;0
24/8/2022;21:28:31;18.9;78.6;45.7;52.48;0
24/8/2022;21:28:36;18.9;78.7;45.7;52.48;0
24/8/2022;21:28:41;18.9;78.7;45.8;53.37;0
24/8/2022;21:28:46;18.9;78.7;46.29;53.37;0
24/8/2022;21:28:51;18.9;78.6;45.7;53.66;0
24/8/2022;21:28:56;18.9;78.6;45.8;53.66;0
24/8/2022;21:29:01;18.9;78.5;46.88;53.66;0
24/8/2022;21:29:06;18.9;78.6;45.8;52.99;0
24/8/2022;21:29:11;18.9;78.5;46.48;52.99;0
24/8/2022;21:29:16;18.9;78.5;46.09;52.76;0
24/8/2022;21:29:21;18.9;78.5;46.39;52.76;0
24/8/2022;21:29:26;18.9;78.5;47.07;52.76;0
24/8/2022;21:29:31;18.9;78.6;47.07;52.91;0
24/8/2022;21:29:36;18.9;78.5;45.9;52.91;0
24/8/2022;21:29:41;18.9;78.6;46.68;52.95;0
24/8/2022;21:29:46;18.9;78.6;46.58;52.95;0
24/8/2022;21:29:51;18.9;78.6;47.17;52.95;0
24/8/2022;21:29:56;18.9;78.6;45.8;53.07;0
24/8/2022;21:30:01;18.9;78.6;46.97;53.07;0
24/8/2022;21:30:06;18.9;78.7;47.17;53.1;0
24/8/2022;21:30:11;18.9;78.6;46.29;53.1;0
24/8/2022;21:30:16;18.9;78.6;45.9;53.1;0
24/8/2022;21:30:21;18.9;78.6;45.9;53.51;0
24/8/2022;21:30:26;18.9;78.6;46.88;53.51;0
24/8/2022;21:30:31;18.9;78.5;45.8;53.1;0
24/8/2022;21:30:36;18.9;78.6;46.48;53.1;1
24/8/2022;21:30:41;18.9;76.8;54.59;53.1;0
24/8/2022;21:30:46;19;78.6;52.83;53.1;0
24/8/2022;21:30:51;19;78.5;50;50.25;0
24/8/2022;21:30:56;19;78.5;47.17;50.25;0
24/8/2022;21:31:01;19;78.6;46.88;49.71;0
24/8/2022;21:31:06;19;78.7;45.8;49.71;0
24/8/2022;21:31:11;19;78.7;46.88;49.71;1
24/8/2022;21:31:16;19;78.6;46;49.03;0
24/8/2022;21:31:21;19;78.6;46.58;49.03;0
24/8/2022;21:31:26;19;78.6;45.31;49.03;0
24/8/2022;21:31:31;19;78.6;46;46.36;0
24/8/2022;21:31:36;19;78.6;45.61;46.36;0
24/8/2022;21:31:41;19;78.4;45.31;46.23;0
24/8/2022;21:31:46;19;78.4;44.82;46.23;0
24/8/2022;21:31:51;19;78.5;45.51;46.24;0
25/8/2022;18:31:06;17.6;80.9;43.75;46.27;0
25/8/2022;18:31:11;17.6;81;44.24;46.27;0
25/8/2022;18:31:16;17.6;81;43.65;46.28;0
25/8/2022;18:31:21;17.6;80.9;44.24;46.28;0
25/8/2022;18:31:26;17.6;81;45.12;46.86;0
25/8/2022;18:31:31;17.6;81.1;43.36;46.86;0
25/8/2022;18:31:36;17.6;81;43.55;46.86;0
25/8/2022;18:31:41;17.6;81.1;44.14;46.25;0
25/8/2022;18:31:46;17.5;81.1;44.04;46.25;0
25/8/2022;18:31:51;17.5;81.1;43.65;46.3;0
25/8/2022;18:31:56;17.5;81.1;43.55;46.3;0
25/8/2022;18:32:01;17.6;81.2;43.55;46.3;0
25/8/2022;18:32:06;17.6;81.2;43.55;46.25;0
25/8/2022;18:32:11;17.5;81.2;44.14;46.25;0
25/8/2022;18:32:16;17.6;81.3;44.04;46.25;0
25/8/2022;18:32:21;17.6;81.4;43.65;47.76;0
25/8/2022;18:32:26;17.6;81.4;44.53;47.76;0
25/8/2022;18:32:31;17.6;81.4;43.46;46.34;0
25/8/2022;18:32:36;17.6;81.4;44.34;46.34;0
25/8/2022;18:32:41;17.6;81.3;44.04;46.3;0
25/8/2022;18:32:46;17.6;81.3;43.26;46.3;0
25/8/2022;18:32:51;17.6;81.2;44.14;46.3;0
25/8/2022;18:32:56;17.6;81.2;44.04;46.99;0
25/8/2022;18:33:01;17.6;81.2;43.55;46.99;0
25/8/2022;18:33:06;17.6;81.1;43.55;46.24;0
25/8/2022;18:33:11;17.6;81.2;44.24;46.24;0
25/8/2022;18:33:16;17.6;81.2;44.24;46.24;0
25/8/2022;18:33:21;17.6;81.2;44.24;46.35;0
25/8/2022;18:33:26;17.6;81.2;43.65;46.35;0
25/8/2022;18:33:31;17.6;81.1;43.46;46.32;0
25/8/2022;18:33:36;17.6;81.1;43.26;46.32;0
25/8/2022;18:33:41;17.6;81.1;43.65;46.32;0
25/8/2022;18:33:46;17.6;81.1;44.14;46.45;0
25/8/2022;18:33:51;17.6;81;43.65;46.45;0
25/8/2022;18:33:56;17.6;81;43.65;46.39;0
25/8/2022;18:34:01;17.6;81.1;43.95;46.39;0
25/8/2022;18:34:06;17.6;81.1;44.24;46.39;0
25/8/2022;18:34:11;17.6;81.2;43.55;47.06;0
25/8/2022;18:34:16;17.6;81.2;44.14;47.06;0
25/8/2022;18:34:21;17.6;81.2;43.95;46.95;0
25/8/2022;18:34:26;17.6;81.2;44.14;46.95;0
25/8/2022;18:34:31;17.7;81.2;43.65;46.95;0
25/8/2022;18:34:36;17.7;81.1;43.55;46.39;0
25/8/2022;18:34:41;17.7;81;43.75;46.39;0
25/8/2022;18:34:46;17.7;81;43.55;47.67;0
25/8/2022;18:34:51;17.7;80.9;44.14;47.67;0
25/8/2022;18:34:56;17.7;81;44.43;47.67;0
25/8/2022;18:35:01;17.7;80.9;43.75;47.06;0
25/8/2022;18:35:06;17.7;80.9;43.46;47.06;0
25/8/2022;18:35:11;17.7;80.8;43.55;46.45;0
25/8/2022;18:35:16;17.7;80.7;44.14;46.45;0
25/8/2022;18:35:21;17.7;80.7;43.55;46.45;0
25/8/2022;18:35:26;17.7;80.7;43.65;47.05;0
25/8/2022;18:35:31;17.8;80.7;44.14;47.05;0
25/8/2022;18:35:36;17.7;80.7;44.34;46.34;0
25/8/2022;18:35:41;17.8;80.6;43.65;46.34;0
25/8/2022;18:35:46;17.8;80.7;43.75;46.34;0
25/8/2022;18:35:51;17.8;80.6;44.14;46.94;0
25/8/2022;18:35:56;17.8;80.4;43.75;46.94;0
25/8/2022;18:36:01;17.8;80.3;44.14;47;0
25/8/2022;18:36:06;17.7;80.2;43.55;47;0
25/8/2022;18:36:11;17.7;80.3;43.65;47;0
25/8/2022;18:36:16;17.7;80.3;44.34;46.4;0
25/8/2022;18:36:21;17.7;80.4;44.14;46.4;0
25/8/2022;18:36:26;17.7;80.5;43.65;46.45;0
25/8/2022;18:36:31;17.7;80.5;44.04;46.45;0
25/8/2022;18:36:36;17.7;80.5;44.04;46.45;0
25/8/2022;18:36:41;17.7;80.6;44.04;46.28;0
25/8/2022;18:36:46;17.7;80.6;43.55;46.28;0
25/8/2022;18:36:51;17.7;80.6;43.65;46.44;0
25/8/2022;18:36:56;17.7;80.6;44.14;46.44;0
25/8/2022;18:37:01;17.7;80.6;44.34;46.33;0
25/8/2022;18:37:06;17.7;80.6;44.34;46.33;0
25/8/2022;18:37:11;17.7;80.6;43.65;46.33;0
25/8/2022;18:37:16;17.7;80.7;45.7;46.28;0
25/8/2022;18:37:21;17.7;80.7;43.75;46.28;0
25/8/2022;18:37:26;17.7;80.7;42.77;46.43;0
25/8/2022;18:37:31;17.7;80.8;43.75;46.43;0
25/8/2022;18:37:36;17.7;81.2;43.65;46.43;0
25/8/2022;18:37:41;17.8;81.1;43.55;46.38;0
25/8/2022;18:37:46;17.8;80.7;44.34;46.38;0
25/8/2022;18:37:51;17.8;80.6;43.55;46.39;0
25/8/2022;18:37:56;17.8;80.5;43.65;46.39;0
25/8/2022;18:38:01;17.8;80.6;43.75;46.39;0
25/8/2022;18:38:06;17.8;80.6;43.55;46.49;0
25/8/2022;18:38:11;17.8;80.5;44.24;46.49;0
25/8/2022;18:38:16;17.8;80.5;43.75;46.3;0
25/8/2022;18:38:21;17.8;80.5;43.75;46.3;0
25/8/2022;18:38:26;17.8;80.5;44.34;46.3;0
25/8/2022;18:38:31;17.8;80.6;44.24;46.31;0
25/8/2022;18:38:36;17.8;80.5;44.92;46.31;0
25/8/2022;18:38:41;17.8;80.6;43.65;46.42;0
25/8/2022;18:38:46;17.8;80.5;44.53;46.42;0
25/8/2022;18:38:51;17.8;80.4;43.95;46.42;0
25/8/2022;18:38:56;17.8;80.4;43.75;46.51;0
25/8/2022;18:39:01;17.8;80.4;44.43;46.51;0
25/8/2022;18:39:06;17.8;80.4;43.75;46.34;0
25/8/2022;18:39:11;17.8;80.4;44.43;46.34;0
25/8/2022;18:39:16;17.7;80.4;43.75;46.34;0
25/8/2022;18:39:21;17.8;80.8;43.75;46.35;0
25/8/2022;18:39:26;17.8;81;44.34;46.35;0
25/8/2022;18:39:31;17.8;80.7;44.24;46.22;0
25/8/2022;18:39:36;17.9;80.7;44.04;46.22;0
25/8/2022;18:39:41;17.9;80.5;43.65;46.22;0
25/8/2022;18:39:46;17.9;80.4;43.75;46.45;0
25/8/2022;18:39:51;17.9;80.3;44.53;46.45;1
25/8/2022;18:39:56;17.9;80;47.46;46.45;0
25/8/2022;18:40:01;17.9;80;46.78;46.23;0
25/8/2022;18:40:06;17.9;80.1;46.78;46.23;0
25/8/2022;18:40:11;17.9;80.2;46.88;43.26;0
25/8/2022;18:40:16;17.9;80.3;46.78;43.26;0
25/8/2022;18:40:21;17.9;80.3;47.46;43.26;0
25/8/2022;18:40:26;17.9;80.3;47.46;43.25;0
25/8/2022;18:40:31;17.9;80.3;47.85;43.25;1
25/8/2022;18:40:36;17.9;80.1;49.41;43.25;0
25/8/2022;18:40:41;17.9;80;49.12;41.34;0
25/8/2022;18:40:46;17.9;80;49.12;41.34;0
25/8/2022;18:40:51;17.9;80;50.1;40.93;0
25/8/2022;18:40:56;17.9;80;48.73;40.93;0
25/8/2022;18:41:01;17.8;80.1;48.24;40.93;0
25/8/2022;18:41:06;17.8;80.1;47.75;42.86;0
25/8/2022;18:41:11;17.8;80.2;48.05;42.86;0
25/8/2022;18:41:16;17.8;80.2;47.75;42.9;0
25/8/2022;18:41:21;17.8;80.3;47.66;42.9;0
25/8/2022;18:41:26;17.8;80.3;47.85;42.9;0
25/8/2022;18:41:31;17.8;80.3;47.85;42.9;0
25/8/2022;18:41:36;17.8;80.3;48.24;42.9;0
25/8/2022;18:41:41;17.8;80.3;48.05;42.9;0
25/8/2022;18:41:46;17.8;80.4;47.75;42.9;0
25/8/2022;18:41:51;17.8;80.4;47.56;42.9;0
25/8/2022;18:41:56;17.8;80.5;47.56;42.89;0
25/8/2022;18:42:01;17.8;80.6;47.85;42.89;0
25/8/2022;18:42:06;17.8;80.5;47.85;43.49;0
25/8/2022;18:42:11;17.8;80.5;47.85;43.49;0
25/8/2022;18:42:16;17.8;80.5;47.66;43.49;0
25/8/2022;18:42:21;17.8;80.5;47.85;42.9;0
25/8/2022;18:42:26;17.8;80.4;47.46;42.9;0
25/8/2022;18:42:31;17.8;80.4;47.27;42.91;0
25/8/2022;18:42:36;17.8;80.4;47.46;42.91;0
25/8/2022;18:42:41;17.8;80.4;47.17;42.91;0
25/8/2022;18:42:46;17.8;80.4;47.27;44.37;0
25/8/2022;18:42:51;17.8;80.4;47.56;44.37;0
25/8/2022;18:42:56;17.8;80.4;47.66;42.9;0
25/8/2022;18:43:01;17.8;80.4;47.46;42.9;0
25/8/2022;18:43:06;17.8;80.4;48.24;42.9;0
25/8/2022;18:43:11;17.8;80.4;47.75;42.89;0
25/8/2022;18:43:16;17.8;80.3;47.66;42.89;0
26/8/2022;16:02:17;19.6;78.7;47.17;52.06;0
26/8/2022;16:02:22;19.6;78.7;47.75;52.06;0
26/8/2022;16:02:27;19.6;78.6;47.17;52.06;0
26/8/2022;16:02:32;19.6;78.6;47.17;52.06;0
26/8/2022;16:02:37;19.6;78.6;47.66;52.06;0
26/8/2022;16:02:42;19.6;78.6;47.56;52.06;0
26/8/2022;16:02:47;19.6;78.5;47.85;52.06;0
26/8/2022;16:02:52;19.6;78.6;47.17;52.06;0
26/8/2022;16:02:57;19.6;78.6;47.17;52.06;0
26/8/2022;16:03:02;19.6;78.6;47.75;52.06;0
26/8/2022;16:03:07;19.6;78.7;47.75;52.09;0
26/8/2022;16:03:12;19.6;78.7;47.17;52.09;0
26/8/2022;16:03:17;19.6;78.8;47.27;52.09;0
26/8/2022;16:03:22;19.6;78.8;47.66;52.09;0
26/8/2022;16:03:27;19.6;78.8;47.27;52.09;0
26/8/2022;16:03:32;19.6;78.7;47.56;52.09;0
26/8/2022;16:03:37;19.6;78.8;46.29;52.09;0
26/8/2022;16:03:42;19.6;78.8;47.56;52.09;0
26/8/2022;16:03:47;19.6;78.9;47.17;51.9;0
26/8/2022;16:03:52;19.6;78.9;47.07;51.9;0
26/8/2022;16:03:57;19.6;79;47.95;51.9;0
26/8/2022;16:04:02;19.6;79;47.46;51.9;0
26/8/2022;16:04:07;19.6;79;47.07;51.9;0
26/8/2022;16:04:12;19.6;78.9;47.07;51.9;0
26/8/2022;16:04:17;19.6;79;47.56;51.9;0
26/8/2022;16:04:22;19.6;79.1;47.17;51.9;0
26/8/2022;16:04:27;19.6;79.1;47.56;51.9;0
26/8/2022;16:04:32;19.6;79;47.07;51.9;0
26/8/2022;16:04:37;19.6;78.9;47.17;52.06;0
26/8/2022;16:04:42;19.5;79;47.07;52.06;0
26/8/2022;16:04:47;19.6;79.1;47.75;51.89;0
26/8/2022;16:04:52;19.6;79.1;47.56;51.89;0
26/8/2022;16:04:57;19.6;79.1;47.46;51.89;0
26/8/2022;16:05:02;19.6;79.1;47.27;51.93;0
26/8/2022;16:05:07;19.6;79.1;47.07;51.93;0
26/8/2022;16:05:12;19.6;79;47.66;51.33;0
26/8/2022;16:05:17;19.6;79;47.17;51.33;0
26/8/2022;16:05:22;19.6;78.8;47.85;51.33;0
26/8/2022;16:05:27;19.6;78.8;47.46;51.92;0
26/8/2022;16:05:32;19.6;78.8;46.97;51.92;0
26/8/2022;16:05:37;19.6;78.8;47.27;51.92;0
26/8/2022;16:05:42;19.6;78.8;47.95;51.92;0
26/8/2022;16:05:47;19.6;78.9;47.46;51.92;0
26/8/2022;16:05:52;19.6;78.9;47.46;51.3;0
26/8/2022;16:05:57;19.6;79;47.75;51.3;1
26/8/2022;16:06:02;19.6;79.1;48.63;51.3;0
26/8/2022;16:06:07;19.6;79.2;48.63;50.84;0
26/8/2022;16:06:12;19.7;79.8;48.24;50.84;0
26/8/2022;16:06:17;19.7;80.5;48.14;49.2;0
26/8/2022;16:06:22;19.8;80.3;48.63;49.2;0
26/8/2022;16:06:27;19.8;79.7;48.14;50.67;0
26/8/2022;16:06:32;19.8;79.3;47.95;50.67;0
26/8/2022;16:06:37;19.9;79;47.66;50.67;0
26/8/2022;16:06:42;19.8;78.7;47.75;50.8;0
26/8/2022;16:06:47;19.9;78.7;47.95;50.8;0
26/8/2022;16:06:52;19.9;78.6;47.95;50.8;1
26/8/2022;16:06:57;19.9;78.6;49.22;50.74;0
26/8/2022;16:07:02;19.9;78.6;48.93;50.74;0
26/8/2022;16:07:07;19.9;78.6;48.63;49.64;0
26/8/2022;16:07:12;19.9;78.6;48.05;49.64;0
26/8/2022;16:07:17;19.9;78.6;48.05;49.64;0
26/8/2022;16:07:22;19.8;78.5;48.14;49.68;0
26/8/2022;16:07:27;19.8;78.5;47.85;49.68;0
26/8/2022;16:07:32;19.8;78.5;48.34;51.65;0
26/8/2022;16:07:37;19.8;78.5;47.95;51.65;0
26/8/2022;16:07:42;19.8;78.5;47.66;51.65;0
26/8/2022;16:07:47;19.8;78.5;48.63;50.97;0
26/8/2022;16:07:52;19.8;78.5;48.05;50.97;0
26/8/2022;16:07:57;19.8;78.5;48.05;50.96;0
26/8/2022;16:08:02;19.8;78.5;48.05;50.96;0
26/8/2022;16:08:07;19.8;78.6;48.44;50.96;0
26/8/2022;16:08:12;19.8;78.7;47.75;50.96;0
26/8/2022;16:08:17;19.8;78.7;47.66;50.96;0
26/8/2022;16:08:22;19.8;78.7;48.14;50.99;0
26/8/2022;16:08:27;19.8;78.7;47.75;50.99;0
26/8/2022;16:08:32;19.8;78.7;47.75;50.99;0
26/8/2022;16:08:37;19.8;78.7;47.85;50.99;0
26/8/2022;16:08:42;19.7;78.6;48.14;50.99;0
26/8/2022;16:08:47;19.8;78.7;48.14;51.57;0
26/8/2022;16:08:52;19.8;78.7;47.95;51.57;0
26/8/2022;16:08:57;19.8;78.7;47.66;51.57;0
26/8/2022;16:09:02;19.8;78.7;47.95;50.96;0
26/8/2022;16:09:07;19.8;78.7;47.95;50.96;0
26/8/2022;16:09:12;19.8;78.8;49.02;50.97;0
26/8/2022;16:09:17;19.8;78.8;48.24;50.97;0
26/8/2022;16:09:22;19.8;78.8;48.14;50.96;0
26/8/2022;16:09:27;19.8;78.8;48.44;50.96;0
26/8/2022;16:09:32;19.8;78.8;48.44;50.96;0
26/8/2022;16:09:37;19.8;78.8;47.66;50.97;0
26/8/2022;16:09:42;19.8;78.9;47.66;50.97;0
26/8/2022;16:09:47;19.8;78.8;47.27;50.96;0
26/8/2022;16:09:52;19.7;78.8;47.75;50.96;0
26/8/2022;16:09:57;19.8;78.8;47.56;50.96;0
26/8/2022;16:10:02;19.8;78.8;47.46;50.97;0
26/8/2022;16:10:07;19.8;78.7;47.66;50.97;0
26/8/2022;16:10:12;19.7;78.7;47.85;50.96;0
26/8/2022;16:10:17;19.7;78.6;47.85;50.96;0
26/8/2022;16:10:22;19.8;78.6;47.46;50.96;0
26/8/2022;16:10:27;19.8;78.6;47.85;50.97;0
26/8/2022;16:10:32;19.7;78.5;48.05;50.97;0
26/8/2022;16:10:37;19.8;78.6;47.85;50.99;0
26/8/2022;16:10:42;19.8;78.6;47.56;50.99;0
26/8/2022;16:10:47;19.8;78.6;47.95;50.99;0
26/8/2022;16:10:52;19.8;78.7;48.14;50.98;0
26/8/2022;16:10:57;19.8;78.6;48.05;50.98;0
26/8/2022;16:11:02;19.7;78.6;47.46;50.97;0
26/8/2022;16:11:07;19.7;78.6;47.85;50.97;0
26/8/2022;16:11:12;19.7;78.8;46.58;50.97;0
26/8/2022;16:11:17;19.7;78.8;47.56;50.98;0
26/8/2022;16:11:22;19.7;78.8;47.46;50.98;0
26/8/2022;16:11:27;19.7;78.7;47.27;51.59;0
26/8/2022;16:11:32;19.8;80.7;48.63;51.59;0
26/8/2022;16:11:37;19.9;80.6;47.75;51.59;0
26/8/2022;16:11:42;20;80;47.56;50.97;0
26/8/2022;16:11:47;20;79.6;47.27;50.97;0
26/8/2022;16:11:52;20;79.3;47.27;50.99;1
26/8/2022;16:11:57;20;78.9;49.9;50.99;0
26/8/2022;16:12:02;20;78.8;48.83;50.99;0
26/8/2022;16:12:07;20;78.5;48.83;48.56;0
26/8/2022;16:12:12;20;78.4;48.63;48.56;0
26/8/2022;16:12:17;20;78.3;48.63;48.35;0
26/8/2022;16:12:22;20;78.2;48.44;48.35;0
26/8/2022;16:12:27;20;78.2;48.93;48.35;0
26/8/2022;16:12:32;20;78.3;48.63;48.97;0
26/8/2022;16:12:37;20;78.3;49.51;48.97;0
26/8/2022;16:12:42;20;78.3;48.44;48.35;0
26/8/2022;16:12:47;19.9;78.2;48.63;48.35;0
26/8/2022;16:12:52;20;78.3;48.44;48.35;0
26/8/2022;16:12:57;20;78.3;49.22;48.33;0
26/8/2022;16:13:02;19.9;78.2;48.83;48.33;0
26/8/2022;16:13:07;19.9;78.2;49.32;48.32;0
26/8/2022;16:13:12;19.9;78.3;48.34;48.32;0
26/8/2022;16:13:17;19.9;78.4;48.93;48.32;0
26/8/2022;16:13:22;19.9;78.4;48.24;48.35;0
26/8/2022;16:13:27;19.9;78.4;48.24;48.35;0
26/8/2022;16:13:32;19.9;78.4;48.34;48.31;0
26/8/2022;16:13:37;19.9;78.3;48.83;48.31;0
26/8/2022;16:13:42;19.9;78.2;48.73;48.31;0
26/8/2022;16:13:47;19.8;78.1;48.24;48.37;0
26/8/2022;16:13:52;19.8;78.1;48.63;48.37;0
26/8/2022;16:13:57;19.8;78.1;48.44;48.33;0
26/8/2022;16:14:02;19.8;78.1;48.34;48.33;0
26/8/2022;16:14:07;19.8;78.1;48.44;48.33;0
26/8/2022;16:14:12;19.8;78;48.73;48.4;0
26/8/2022;16:14:17;19.8;78;48.63;48.4;0
26/8/2022;16:14:22;19.8;78;48.73;48.89;0
26/8/2022;16:14:27;19.8;78.1;48.93;48.89;0
26/8/2022;16:14:32;19.8;78.1;48.93;48.89;0
26/8/2022;16:14:37;19.8;78.1;48.83;48.83;0
26/8/2022;16:14:42;19.8;78.2;48.73;48.83;0
26/8/2022;16:14:47;19.8;78.2;48.24;48.94;0
26/8/2022;16:14:52;19.8;78.5;48.44;48.94;0
